{

	"metadata" :
	{
		"formatVersion" : 3.1,
		"generatedBy"   : "Blender 2.66 Exporter",
		"vertices"      : 160,
		"faces"         : 116,
		"normals"       : 30,
		"colors"        : 0,
		"uvs"           : [],
		"materials"     : 1,
		"morphTargets"  : 0,
		"bones"         : 0
	},

	"scale" : 1.000000,

	"materials" : [	{
		"DbgColor" : 15658734,
		"DbgIndex" : 0,
		"DbgName" : "material",
		"blending" : "NormalBlending",
		"colorAmbient" : [0.800000011920929, 0.800000011920929, 0.800000011920929],
		"colorDiffuse" : [0.800000011920929, 0.800000011920929, 0.800000011920929],
		"colorSpecular" : [0.5, 0.5, 0.5],
		"depthTest" : true,
		"depthWrite" : true,
		"shading" : "Lambert",
		"specularCoef" : 50,
		"transparency" : 1.0,
		"transparent" : false,
		"vertexColors" : false
	},

	{
		"DbgColor" : 15597568,
		"DbgIndex" : 1,
		"DbgName" : "material",
		"blending" : "NormalBlending",
		"colorAmbient" : [0.800000011920929, 0.800000011920929, 0.800000011920929],
		"colorDiffuse" : [0.800000011920929, 0.800000011920929, 0.800000011920929],
		"colorSpecular" : [0.5, 0.5, 0.5],
		"depthTest" : true,
		"depthWrite" : true,
		"shading" : "Lambert",
		"specularCoef" : 50,
		"transparency" : 1.0,
		"transparent" : false,
		"vertexColors" : false
	}],

	"vertices" : [0.027617,1.48075,8.93274,1.93969,0.749541,8.93274,0.027617,0.749541,8.93274,1.93969,1.48075,8.93274,1.93969,0.74954,-9.90166,0.027617,0.749541,8.93274,0.027617,0.74954,-9.90166,1.93969,0.749541,8.93274,0.027617,0.749541,8.93274,0.027617,1.48075,-9.36438,0.027617,1.48075,8.93274,0.027617,1.17203,-9.44479,0.027617,0.74954,-9.90166,0.027617,1.17203,-9.90166,0.027617,1.48075,-9.44479,1.93969,1.48075,8.93274,0.027617,1.48075,-9.36438,0.027617,1.48075,8.93274,0.027617,1.48075,-9.44479,1.93969,1.48075,-9.44479,1.93969,0.74954,-9.90166,1.93969,1.17203,-9.44479,1.93969,0.749541,8.93274,1.93969,1.17203,-9.90166,1.93969,1.48075,-9.44479,1.93969,1.48075,8.93274,-0.37344,2.00339,-9.90166,0.027617,1.17203,-9.90166,-0.37344,1.17203,-9.90166,1.93969,1.17203,-9.90166,2.32185,1.17203,-9.90166,2.32185,2.00339,-9.90166,1.93969,0.74954,-9.90166,0.027617,0.74954,-9.90166,0.027617,1.17203,-9.90166,-0.37344,1.17203,-9.44479,-0.37344,1.17203,-9.90166,0.027617,1.17203,-9.44479,2.32185,2.00339,-9.44479,1.93969,1.17203,-9.44479,2.32185,1.17203,-9.44479,1.93969,1.48075,-9.44479,0.027617,1.48075,-9.44479,-0.37344,1.17203,-9.44479,0.027617,1.17203,-9.44479,-0.37344,2.00339,-9.44479,2.32185,1.17203,-9.90166,1.93969,1.17203,-9.44479,1.93969,1.17203,-9.90166,2.32185,1.17203,-9.44479,2.32185,1.17203,-9.90166,2.32185,2.00339,-9.44479,2.32185,1.17203,-9.44479,2.32185,2.00339,-9.90166,-0.37344,2.00339,-9.90166,-0.37344,1.17203,-9.44479,-0.37344,2.00339,-9.44479,-0.37344,1.17203,-9.90166,2.32185,2.00339,-9.44479,-0.37344,2.00339,-9.90166,-0.37344,2.00339,-9.44479,2.32185,2.00339,-9.90166,-0.37344,1.14032,-13.5841,-0.37344,0.74954,-11.9394,-0.37344,1.14032,-11.9394,-0.37344,-0.0619204,11.2334,-0.37344,0.749541,11.2334,-0.37344,-0.0619215,-13.5841,-0.327521,-0.0619216,-13.9329,-0.37344,-0.0619204,11.2334,-0.37344,-0.0619215,-13.5841,0.974204,-0.0619204,13.3265,-0.19289,-0.0619216,-14.258,0.0212755,-0.0619216,-14.5371,0.300382,-0.0619216,-14.7512,0.625408,-0.0619216,-14.8859,0.974204,-0.0619216,-14.9318,2.32185,-0.0619204,11.2334,1.323,-0.0619216,-14.8859,1.64803,-0.0619216,-14.7512,1.92713,-0.0619216,-14.5371,2.1413,-0.0619216,-14.258,2.27593,-0.0619216,-13.9329,2.32185,-0.0619215,-13.5841,-0.37344,0.899139,11.2334,0.974204,-0.0619204,13.3265,0.974204,0.899139,13.3265,-0.37344,-0.0619204,11.2334,-0.37344,0.749541,11.2334,-0.37344,0.74954,-11.9394,0.027617,0.74954,-9.90166,-0.37344,0.749541,11.2334,2.32185,0.74954,-11.9394,1.93969,0.74954,-9.90166,1.93969,0.749541,8.93274,0.027617,0.749541,8.93274,2.32185,0.749541,11.2334,2.32185,1.14032,-11.9394,-0.37344,0.74954,-11.9394,2.32185,0.74954,-11.9394,-0.37344,1.14032,-11.9394,2.32185,1.14032,-11.9394,-0.37344,1.14032,-13.5841,-0.37344,1.14032,-11.9394,-0.327521,1.14032,-13.9329,-0.19289,1.14032,-14.258,0.0212755,1.14032,-14.5371,0.300382,1.14032,-14.7512,0.625408,1.14032,-14.8859,0.974204,1.14032,-14.9318,1.323,1.14032,-14.8859,1.64803,1.14032,-14.7512,1.92713,1.14032,-14.5371,2.1413,1.14032,-14.258,2.27593,1.14032,-13.9329,2.32185,1.14032,-13.5841,-0.327521,1.14032,-13.9329,-0.37344,-0.0619215,-13.5841,-0.37344,1.14032,-13.5841,-0.327521,-0.0619216,-13.9329,-0.19289,1.14032,-14.258,-0.19289,-0.0619216,-14.258,0.0212755,1.14032,-14.5371,0.0212755,-0.0619216,-14.5371,0.300382,-0.0619216,-14.7512,0.300382,1.14032,-14.7512,0.625408,-0.0619216,-14.8859,0.625408,1.14032,-14.8859,0.974204,-0.0619216,-14.9318,0.974204,1.14032,-14.9318,1.323,-0.0619216,-14.8859,1.323,1.14032,-14.8859,1.64803,-0.0619216,-14.7512,1.64803,1.14032,-14.7512,1.92713,-0.0619216,-14.5371,1.92713,1.14032,-14.5371,2.1413,1.14032,-14.258,2.1413,-0.0619216,-14.258,2.27593,1.14032,-13.9329,2.27593,-0.0619216,-13.9329,2.32185,1.14032,-13.5841,2.32185,-0.0619215,-13.5841,2.32185,-0.0619215,-13.5841,2.32185,0.749541,11.2334,2.32185,-0.0619204,11.2334,2.32185,0.74954,-11.9394,2.32185,1.14032,-11.9394,2.32185,1.14032,-13.5841,2.32185,-0.0619204,11.2334,0.974204,0.899139,13.3265,0.974204,-0.0619204,13.3265,2.32185,0.899139,11.2334,2.32185,0.749541,11.2334,2.32185,0.899139,11.2334,-0.37344,0.899139,11.2334,0.974204,0.899139,13.3265,-0.37344,0.899139,11.2334,2.32185,0.749541,11.2334,-0.37344,0.749541,11.2334,2.32185,0.899139,11.2334],

	"morphTargets" : [],

	"normals" : [0,0,-1,0,-1,0,0.999969,0,0,1,0,0,0,1,0,0,0,1,0,0,0.999969,-1,0,0,-0.999969,0,0,0,-0.999969,0,-0.840846,0,0.541215,-0.840785,0,0.541337,-0.840846,0,0.541246,0,0.999969,0,-0.965911,0,-0.258797,-0.991424,0,-0.130497,-0.866024,0,-0.499985,-0.707083,0,-0.707083,-0.499985,0,-0.866024,-0.258797,0,-0.965911,0,0,-0.999969,0.258797,0,-0.965911,0.499985,0,-0.866024,0.707083,0,-0.707083,0.866024,0,-0.499985,0.965911,0,-0.258797,0.991424,0,-0.130528,0.991424,0,-0.130497,0.840846,0,0.541215,0.840785,0,0.541337],

	"colors" : [],

	"uvs" : [],